-20,1,OGxwRlkluYCpLAJvoA053J/W654=,gJ1NS2RlbT+Xa27SUWpDbiUE9YA=
-21,1,OGxwRlkluYCpLAJvoA053J/W654=,gJ1NS2RlbT+Xa27SUWpDbiUE9YA=
-20,2,OGxwRlkluYCpLAJvoA053J/W654=,gJ1NS2RlbT+Xa27SUWpDbiUE9YA=
-21,2,OGxwRlkluYCpLAJvoA053J/W654=,gJ1NS2RlbT+Xa27SUWpDbiUE9YA=
-23,1,OGxwRlkluYCpLAJvoA053J/W654=,gJ1NS2RlbT+Xa27SUWpDbiUE9YA=
-22,2,OGxwRlkluYCpLAJvoA053J/W654=,gJ1NS2RlbT+Xa27SUWpDbiUE9YA=
-23,2,OGxwRlkluYCpLAJvoA053J/W654=,gJ1NS2RlbT+Xa27SUWpDbiUE9YA=
-22,1,OGxwRlkluYCpLAJvoA053J/W654=,gJ1NS2RlbT+Xa27SUWpDbiUE9YA=
-22,3,si6HgApQGtHVpolK2U0v0AyspR0=,gJ1NS2RlbT+Xa27SUWpDbiUE9YA=
-22,4,si6HgApQGtHVpolK2U0v0AyspR0=,gJ1NS2RlbT+Xa27SUWpDbiUE9YA=
-23,4,si6HgApQGtHVpolK2U0v0AyspR0=,gJ1NS2RlbT+Xa27SUWpDbiUE9YA=
-23,3,si6HgApQGtHVpolK2U0v0AyspR0=,gJ1NS2RlbT+Xa27SUWpDbiUE9YA=
-23,6,si6HgApQGtHVpolK2U0v0AyspR0=,c0QVUFuIRAbQMcUgpXhLjbGDR04=
-22,6,si6HgApQGtHVpolK2U0v0AyspR0=,0z7I1AooerFKcG2AsYlcB3+lIYM=
-23,5,si6HgApQGtHVpolK2U0v0AyspR0=,gJ1NS2RlbT+Xa27SUWpDbiUE9YA=
-22,5,si6HgApQGtHVpolK2U0v0AyspR0=,gJ1NS2RlbT+Xa27SUWpDbiUE9YA=
-20,7,si6HgApQGtHVpolK2U0v0AyspR0=,Pt78IYI+I5kJYgtTKlaMFVFX1KM=
-20,8,si6HgApQGtHVpolK2U0v0AyspR0=,0z7I1AooerFKcG2AsYlcB3+lIYM=
-21,7,si6HgApQGtHVpolK2U0v0AyspR0=,0z7I1AooerFKcG2AsYlcB3+lIYM=
-21,8,si6HgApQGtHVpolK2U0v0AyspR0=,0z7I1AooerFKcG2AsYlcB3+lIYM=
-23,7,si6HgApQGtHVpolK2U0v0AyspR0=,c0QVUFuIRAbQMcUgpXhLjbGDR04=
-22,7,si6HgApQGtHVpolK2U0v0AyspR0=,0z7I1AooerFKcG2AsYlcB3+lIYM=
-23,8,si6HgApQGtHVpolK2U0v0AyspR0=,c0QVUFuIRAbQMcUgpXhLjbGDR04=
-22,8,si6HgApQGtHVpolK2U0v0AyspR0=,0z7I1AooerFKcG2AsYlcB3+lIYM=
-21,10,si6HgApQGtHVpolK2U0v0AyspR0=,HaPWaJmRXCMkJh4EKJ/gVlLZY3o=
-21,9,si6HgApQGtHVpolK2U0v0AyspR0=,0z7I1AooerFKcG2AsYlcB3+lIYM=
-20,10,si6HgApQGtHVpolK2U0v0AyspR0=,HaPWaJmRXCMkJh4EKJ/gVlLZY3o=
-20,9,si6HgApQGtHVpolK2U0v0AyspR0=,0z7I1AooerFKcG2AsYlcB3+lIYM=
-18,10,si6HgApQGtHVpolK2U0v0AyspR0=,HaPWaJmRXCMkJh4EKJ/gVlLZY3o=
-19,10,si6HgApQGtHVpolK2U0v0AyspR0=,HaPWaJmRXCMkJh4EKJ/gVlLZY3o=
-19,9,si6HgApQGtHVpolK2U0v0AyspR0=,0z7I1AooerFKcG2AsYlcB3+lIYM=
-18,9,si6HgApQGtHVpolK2U0v0AyspR0=,tboB24OjWK1tRZk5Kzz7RnsMgxM=
-19,7,si6HgApQGtHVpolK2U0v0AyspR0=,Pt78IYI+I5kJYgtTKlaMFVFX1KM=
-18,8,si6HgApQGtHVpolK2U0v0AyspR0=,tboB24OjWK1tRZk5Kzz7RnsMgxM=
-19,8,si6HgApQGtHVpolK2U0v0AyspR0=,0z7I1AooerFKcG2AsYlcB3+lIYM=
-18,7,si6HgApQGtHVpolK2U0v0AyspR0=,tboB24OjWK1tRZk5Kzz7RnsMgxM=
-20,0,UZI/naWlKxDyDI4057Iq3DWeFjY=,gJ1NS2RlbT+Xa27SUWpDbiUE9YA=
-21,0,UZI/naWlKxDyDI4057Iq3DWeFjY=,gJ1NS2RlbT+Xa27SUWpDbiUE9YA=
-23,0,UZI/naWlKxDyDI4057Iq3DWeFjY=,gJ1NS2RlbT+Xa27SUWpDbiUE9YA=
-20,11,UZI/naWlKxDyDI4057Iq3DWeFjY=,HaPWaJmRXCMkJh4EKJ/gVlLZY3o=
-21,11,UZI/naWlKxDyDI4057Iq3DWeFjY=,HaPWaJmRXCMkJh4EKJ/gVlLZY3o=
-22,0,UZI/naWlKxDyDI4057Iq3DWeFjY=,gJ1NS2RlbT+Xa27SUWpDbiUE9YA=
-22,10,UZI/naWlKxDyDI4057Iq3DWeFjY=,HaPWaJmRXCMkJh4EKJ/gVlLZY3o=
-22,9,UZI/naWlKxDyDI4057Iq3DWeFjY=,0z7I1AooerFKcG2AsYlcB3+lIYM=
-23,9,UZI/naWlKxDyDI4057Iq3DWeFjY=,c0QVUFuIRAbQMcUgpXhLjbGDR04=
-19,0,UZI/naWlKxDyDI4057Iq3DWeFjY=,gJ1NS2RlbT+Xa27SUWpDbiUE9YA=
-18,0,UZI/naWlKxDyDI4057Iq3DWeFjY=,gJ1NS2RlbT+Xa27SUWpDbiUE9YA=
-17,0,UZI/naWlKxDyDI4057Iq3DWeFjY=,gJ1NS2RlbT+Xa27SUWpDbiUE9YA=
-21,3,UZI/naWlKxDyDI4057Iq3DWeFjY=,gJ1NS2RlbT+Xa27SUWpDbiUE9YA=
-21,6,UZI/naWlKxDyDI4057Iq3DWeFjY=,0z7I1AooerFKcG2AsYlcB3+lIYM=
-21,4,UZI/naWlKxDyDI4057Iq3DWeFjY=,gJ1NS2RlbT+Xa27SUWpDbiUE9YA=
-18,6,UZI/naWlKxDyDI4057Iq3DWeFjY=,tboB24OjWK1tRZk5Kzz7RnsMgxM=
-21,5,UZI/naWlKxDyDI4057Iq3DWeFjY=,gJ1NS2RlbT+Xa27SUWpDbiUE9YA=
-20,3,UZI/naWlKxDyDI4057Iq3DWeFjY=,gJ1NS2RlbT+Xa27SUWpDbiUE9YA=
-18,2,UZI/naWlKxDyDI4057Iq3DWeFjY=,gJ1NS2RlbT+Xa27SUWpDbiUE9YA=
-18,5,UZI/naWlKxDyDI4057Iq3DWeFjY=,5JgTEqW6Iq4Cp58hD3lTepWZywo=
-19,6,UZI/naWlKxDyDI4057Iq3DWeFjY=,Pt78IYI+I5kJYgtTKlaMFVFX1KM=
-20,5,UZI/naWlKxDyDI4057Iq3DWeFjY=,gJ1NS2RlbT+Xa27SUWpDbiUE9YA=
-20,4,UZI/naWlKxDyDI4057Iq3DWeFjY=,gJ1NS2RlbT+Xa27SUWpDbiUE9YA=
-17,1,UZI/naWlKxDyDI4057Iq3DWeFjY=,gJ1NS2RlbT+Xa27SUWpDbiUE9YA=
-20,6,UZI/naWlKxDyDI4057Iq3DWeFjY=,Pt78IYI+I5kJYgtTKlaMFVFX1KM=
-19,5,UZI/naWlKxDyDI4057Iq3DWeFjY=,gJ1NS2RlbT+Xa27SUWpDbiUE9YA=
-17,2,UZI/naWlKxDyDI4057Iq3DWeFjY=,gJ1NS2RlbT+Xa27SUWpDbiUE9YA=
-18,1,UZI/naWlKxDyDI4057Iq3DWeFjY=,gJ1NS2RlbT+Xa27SUWpDbiUE9YA=
-19,1,UZI/naWlKxDyDI4057Iq3DWeFjY=,gJ1NS2RlbT+Xa27SUWpDbiUE9YA=
-19,3,UZI/naWlKxDyDI4057Iq3DWeFjY=,gJ1NS2RlbT+Xa27SUWpDbiUE9YA=
-18,3,UZI/naWlKxDyDI4057Iq3DWeFjY=,gJ1NS2RlbT+Xa27SUWpDbiUE9YA=
-17,4,UZI/naWlKxDyDI4057Iq3DWeFjY=,5JgTEqW6Iq4Cp58hD3lTepWZywo=
-19,2,UZI/naWlKxDyDI4057Iq3DWeFjY=,gJ1NS2RlbT+Xa27SUWpDbiUE9YA=
-17,3,UZI/naWlKxDyDI4057Iq3DWeFjY=,gJ1NS2RlbT+Xa27SUWpDbiUE9YA=
-19,4,UZI/naWlKxDyDI4057Iq3DWeFjY=,gJ1NS2RlbT+Xa27SUWpDbiUE9YA=
-18,4,UZI/naWlKxDyDI4057Iq3DWeFjY=,5JgTEqW6Iq4Cp58hD3lTepWZywo=
-22,11,UZI/naWlKxDyDI4057Iq3DWeFjY=,HaPWaJmRXCMkJh4EKJ/gVlLZY3o=
-19,11,UZI/naWlKxDyDI4057Iq3DWeFjY=,HaPWaJmRXCMkJh4EKJ/gVlLZY3o=
-18,11,UZI/naWlKxDyDI4057Iq3DWeFjY=,HaPWaJmRXCMkJh4EKJ/gVlLZY3o=
-26,1,UZI/naWlKxDyDI4057Iq3DWeFjY=,gJ1NS2RlbT+Xa27SUWpDbiUE9YA=
-25,2,UZI/naWlKxDyDI4057Iq3DWeFjY=,gJ1NS2RlbT+Xa27SUWpDbiUE9YA=
-24,1,UZI/naWlKxDyDI4057Iq3DWeFjY=,gJ1NS2RlbT+Xa27SUWpDbiUE9YA=
-25,1,UZI/naWlKxDyDI4057Iq3DWeFjY=,gJ1NS2RlbT+Xa27SUWpDbiUE9YA=
-26,2,UZI/naWlKxDyDI4057Iq3DWeFjY=,gJ1NS2RlbT+Xa27SUWpDbiUE9YA=
-25,7,UZI/naWlKxDyDI4057Iq3DWeFjY=,c0QVUFuIRAbQMcUgpXhLjbGDR04=
-26,7,UZI/naWlKxDyDI4057Iq3DWeFjY=,c0QVUFuIRAbQMcUgpXhLjbGDR04=
-25,8,UZI/naWlKxDyDI4057Iq3DWeFjY=,c0QVUFuIRAbQMcUgpXhLjbGDR04=
-26,8,UZI/naWlKxDyDI4057Iq3DWeFjY=,c0QVUFuIRAbQMcUgpXhLjbGDR04=
-24,8,UZI/naWlKxDyDI4057Iq3DWeFjY=,c0QVUFuIRAbQMcUgpXhLjbGDR04=
-24,7,UZI/naWlKxDyDI4057Iq3DWeFjY=,c0QVUFuIRAbQMcUgpXhLjbGDR04=
-24,2,UZI/naWlKxDyDI4057Iq3DWeFjY=,gJ1NS2RlbT+Xa27SUWpDbiUE9YA=
-25,5,UZI/naWlKxDyDI4057Iq3DWeFjY=,gJ1NS2RlbT+Xa27SUWpDbiUE9YA=
-25,3,UZI/naWlKxDyDI4057Iq3DWeFjY=,gJ1NS2RlbT+Xa27SUWpDbiUE9YA=
-26,5,UZI/naWlKxDyDI4057Iq3DWeFjY=,gJ1NS2RlbT+Xa27SUWpDbiUE9YA=
-26,3,UZI/naWlKxDyDI4057Iq3DWeFjY=,gJ1NS2RlbT+Xa27SUWpDbiUE9YA=
-25,4,UZI/naWlKxDyDI4057Iq3DWeFjY=,gJ1NS2RlbT+Xa27SUWpDbiUE9YA=
-26,4,UZI/naWlKxDyDI4057Iq3DWeFjY=,gJ1NS2RlbT+Xa27SUWpDbiUE9YA=
-26,6,UZI/naWlKxDyDI4057Iq3DWeFjY=,c0QVUFuIRAbQMcUgpXhLjbGDR04=
-25,6,UZI/naWlKxDyDI4057Iq3DWeFjY=,c0QVUFuIRAbQMcUgpXhLjbGDR04=
-24,9,UZI/naWlKxDyDI4057Iq3DWeFjY=,c0QVUFuIRAbQMcUgpXhLjbGDR04=
-25,9,UZI/naWlKxDyDI4057Iq3DWeFjY=,c0QVUFuIRAbQMcUgpXhLjbGDR04=
-26,9,UZI/naWlKxDyDI4057Iq3DWeFjY=,c0QVUFuIRAbQMcUgpXhLjbGDR04=
-25,0,UZI/naWlKxDyDI4057Iq3DWeFjY=,gJ1NS2RlbT+Xa27SUWpDbiUE9YA=
-24,0,UZI/naWlKxDyDI4057Iq3DWeFjY=,gJ1NS2RlbT+Xa27SUWpDbiUE9YA=
-26,0,UZI/naWlKxDyDI4057Iq3DWeFjY=,gJ1NS2RlbT+Xa27SUWpDbiUE9YA=
-24,5,UZI/naWlKxDyDI4057Iq3DWeFjY=,gJ1NS2RlbT+Xa27SUWpDbiUE9YA=
-24,6,UZI/naWlKxDyDI4057Iq3DWeFjY=,c0QVUFuIRAbQMcUgpXhLjbGDR04=
-17,10,UZI/naWlKxDyDI4057Iq3DWeFjY=,HaPWaJmRXCMkJh4EKJ/gVlLZY3o=
-17,11,UZI/naWlKxDyDI4057Iq3DWeFjY=,HaPWaJmRXCMkJh4EKJ/gVlLZY3o=
-17,8,UZI/naWlKxDyDI4057Iq3DWeFjY=,tboB24OjWK1tRZk5Kzz7RnsMgxM=
-17,9,UZI/naWlKxDyDI4057Iq3DWeFjY=,tboB24OjWK1tRZk5Kzz7RnsMgxM=
-24,3,UZI/naWlKxDyDI4057Iq3DWeFjY=,gJ1NS2RlbT+Xa27SUWpDbiUE9YA=
-17,7,UZI/naWlKxDyDI4057Iq3DWeFjY=,tboB24OjWK1tRZk5Kzz7RnsMgxM=
-24,4,UZI/naWlKxDyDI4057Iq3DWeFjY=,gJ1NS2RlbT+Xa27SUWpDbiUE9YA=
-17,5,UZI/naWlKxDyDI4057Iq3DWeFjY=,5JgTEqW6Iq4Cp58hD3lTepWZywo=
-17,6,UZI/naWlKxDyDI4057Iq3DWeFjY=,tboB24OjWK1tRZk5Kzz7RnsMgxM=
-5,22,pp6PdH82NnODPxYchO+58SJxYW8=,WhYXhCgzuHIiho0xiW4joUS9fCo=
-4,21,pp6PdH82NnODPxYchO+58SJxYW8=,4Nrk9wWOgquZyvRfcz4TwqjjwSQ=
-5,21,pp6PdH82NnODPxYchO+58SJxYW8=,n5B+A4Rf/xEPinJhzsuoVS4gxQg=
-4,22,pp6PdH82NnODPxYchO+58SJxYW8=,n5B+A4Rf/xEPinJhzsuoVS4gxQg=
-2,21,pp6PdH82NnODPxYchO+58SJxYW8=,n5B+A4Rf/xEPinJhzsuoVS4gxQg=
-3,21,pp6PdH82NnODPxYchO+58SJxYW8=,4Nrk9wWOgquZyvRfcz4TwqjjwSQ=
-2,22,pp6PdH82NnODPxYchO+58SJxYW8=,n5B+A4Rf/xEPinJhzsuoVS4gxQg=
-3,22,pp6PdH82NnODPxYchO+58SJxYW8=,n5B+A4Rf/xEPinJhzsuoVS4gxQg=
-7,22,pp6PdH82NnODPxYchO+58SJxYW8=,p3NUWk3ZNq9EGAuoy0b4HJsf+Y4=
-7,21,pp6PdH82NnODPxYchO+58SJxYW8=,n5B+A4Rf/xEPinJhzsuoVS4gxQg=
-6,21,pp6PdH82NnODPxYchO+58SJxYW8=,n5B+A4Rf/xEPinJhzsuoVS4gxQg=
-6,22,pp6PdH82NnODPxYchO+58SJxYW8=,WhYXhCgzuHIiho0xiW4joUS9fCo=
-4,20,pp6PdH82NnODPxYchO+58SJxYW8=,4Nrk9wWOgquZyvRfcz4TwqjjwSQ=
-5,19,pp6PdH82NnODPxYchO+58SJxYW8=,n5B+A4Rf/xEPinJhzsuoVS4gxQg=
-4,19,pp6PdH82NnODPxYchO+58SJxYW8=,C7WZWAMB6qfdBYhZxwdLnishmCU=
-5,20,pp6PdH82NnODPxYchO+58SJxYW8=,n5B+A4Rf/xEPinJhzsuoVS4gxQg=
-6,20,pp6PdH82NnODPxYchO+58SJxYW8=,n5B+A4Rf/xEPinJhzsuoVS4gxQg=
-7,20,pp6PdH82NnODPxYchO+58SJxYW8=,n5B+A4Rf/xEPinJhzsuoVS4gxQg=
-7,19,pp6PdH82NnODPxYchO+58SJxYW8=,n5B+A4Rf/xEPinJhzsuoVS4gxQg=
-2,20,pp6PdH82NnODPxYchO+58SJxYW8=,n5B+A4Rf/xEPinJhzsuoVS4gxQg=
-6,19,pp6PdH82NnODPxYchO+58SJxYW8=,n5B+A4Rf/xEPinJhzsuoVS4gxQg=
-3,20,pp6PdH82NnODPxYchO+58SJxYW8=,4Nrk9wWOgquZyvRfcz4TwqjjwSQ=
-2,19,pp6PdH82NnODPxYchO+58SJxYW8=,K77lCcKbqcyZvAGSFDAqa6fugSw=
-3,19,pp6PdH82NnODPxYchO+58SJxYW8=,C7WZWAMB6qfdBYhZxwdLnishmCU=
-5,18,KCMUwNRWtHxyPgTV+Seeg+bfj4g=,n5B+A4Rf/xEPinJhzsuoVS4gxQg=
-5,17,KCMUwNRWtHxyPgTV+Seeg+bfj4g=,esa4kcagWOv3S86gmgtyouqVypM=
-4,18,KCMUwNRWtHxyPgTV+Seeg+bfj4g=,C7WZWAMB6qfdBYhZxwdLnishmCU=
-4,17,KCMUwNRWtHxyPgTV+Seeg+bfj4g=,cA5MwVHorderXHj/IHItz15bmn4=
-7,17,KCMUwNRWtHxyPgTV+Seeg+bfj4g=,2h6yjgsNZQnOrE37o6UHtw5+Ua4=
-6,17,KCMUwNRWtHxyPgTV+Seeg+bfj4g=,esa4kcagWOv3S86gmgtyouqVypM=
-7,18,KCMUwNRWtHxyPgTV+Seeg+bfj4g=,n5B+A4Rf/xEPinJhzsuoVS4gxQg=
-6,18,KCMUwNRWtHxyPgTV+Seeg+bfj4g=,n5B+A4Rf/xEPinJhzsuoVS4gxQg=
-9,17,KCMUwNRWtHxyPgTV+Seeg+bfj4g=,qMcvkzXDTtUaFvHNX5o00BOXFQc=
-8,17,KCMUwNRWtHxyPgTV+Seeg+bfj4g=,2h6yjgsNZQnOrE37o6UHtw5+Ua4=
-9,18,KCMUwNRWtHxyPgTV+Seeg+bfj4g=,PhFG9+r7mbniC4yGGGTkoE4+RQs=
-8,18,KCMUwNRWtHxyPgTV+Seeg+bfj4g=,n5B+A4Rf/xEPinJhzsuoVS4gxQg=
-8,20,KCMUwNRWtHxyPgTV+Seeg+bfj4g=,n5B+A4Rf/xEPinJhzsuoVS4gxQg=
-9,20,KCMUwNRWtHxyPgTV+Seeg+bfj4g=,gJ1NS2RlbT+Xa27SUWpDbiUE9YA=
-9,19,KCMUwNRWtHxyPgTV+Seeg+bfj4g=,PhFG9+r7mbniC4yGGGTkoE4+RQs=
-8,19,KCMUwNRWtHxyPgTV+Seeg+bfj4g=,n5B+A4Rf/xEPinJhzsuoVS4gxQg=
-9,22,KCMUwNRWtHxyPgTV+Seeg+bfj4g=,8yYc5TA+VlMF2J6CHHg3uzi+mZo=
-8,22,KCMUwNRWtHxyPgTV+Seeg+bfj4g=,p3NUWk3ZNq9EGAuoy0b4HJsf+Y4=
-8,21,KCMUwNRWtHxyPgTV+Seeg+bfj4g=,n5B+A4Rf/xEPinJhzsuoVS4gxQg=
-9,21,KCMUwNRWtHxyPgTV+Seeg+bfj4g=,gJ1NS2RlbT+Xa27SUWpDbiUE9YA=
-9,24,6+oOz2NxTglWFsPp4ADbImEPV2A=,8yYc5TA+VlMF2J6CHHg3uzi+mZo=
-9,23,6+oOz2NxTglWFsPp4ADbImEPV2A=,8yYc5TA+VlMF2J6CHHg3uzi+mZo=
-8,24,6+oOz2NxTglWFsPp4ADbImEPV2A=,p3NUWk3ZNq9EGAuoy0b4HJsf+Y4=
-8,23,6+oOz2NxTglWFsPp4ADbImEPV2A=,p3NUWk3ZNq9EGAuoy0b4HJsf+Y4=
-7,24,6+oOz2NxTglWFsPp4ADbImEPV2A=,p3NUWk3ZNq9EGAuoy0b4HJsf+Y4=
-7,23,6+oOz2NxTglWFsPp4ADbImEPV2A=,p3NUWk3ZNq9EGAuoy0b4HJsf+Y4=
-6,23,6+oOz2NxTglWFsPp4ADbImEPV2A=,WhYXhCgzuHIiho0xiW4joUS9fCo=
-6,24,6+oOz2NxTglWFsPp4ADbImEPV2A=,p3NUWk3ZNq9EGAuoy0b4HJsf+Y4=
-5,23,6+oOz2NxTglWFsPp4ADbImEPV2A=,WhYXhCgzuHIiho0xiW4joUS9fCo=
-4,24,6+oOz2NxTglWFsPp4ADbImEPV2A=,n5B+A4Rf/xEPinJhzsuoVS4gxQg=
-4,23,6+oOz2NxTglWFsPp4ADbImEPV2A=,n5B+A4Rf/xEPinJhzsuoVS4gxQg=
-3,24,6+oOz2NxTglWFsPp4ADbImEPV2A=,n5B+A4Rf/xEPinJhzsuoVS4gxQg=
-2,23,6+oOz2NxTglWFsPp4ADbImEPV2A=,n5B+A4Rf/xEPinJhzsuoVS4gxQg=
-3,23,6+oOz2NxTglWFsPp4ADbImEPV2A=,n5B+A4Rf/xEPinJhzsuoVS4gxQg=
-2,24,6+oOz2NxTglWFsPp4ADbImEPV2A=,n5B+A4Rf/xEPinJhzsuoVS4gxQg=
-5,24,6+oOz2NxTglWFsPp4ADbImEPV2A=,p3NUWk3ZNq9EGAuoy0b4HJsf+Y4=
-7,28,6+oOz2NxTglWFsPp4ADbImEPV2A=,EM52pm7FuUOm0IYePBiVFynd4B4=
-7,27,6+oOz2NxTglWFsPp4ADbImEPV2A=,p3NUWk3ZNq9EGAuoy0b4HJsf+Y4=
-6,28,6+oOz2NxTglWFsPp4ADbImEPV2A=,p3NUWk3ZNq9EGAuoy0b4HJsf+Y4=
-6,27,6+oOz2NxTglWFsPp4ADbImEPV2A=,p3NUWk3ZNq9EGAuoy0b4HJsf+Y4=
-7,26,6+oOz2NxTglWFsPp4ADbImEPV2A=,p3NUWk3ZNq9EGAuoy0b4HJsf+Y4=
-6,26,6+oOz2NxTglWFsPp4ADbImEPV2A=,p3NUWk3ZNq9EGAuoy0b4HJsf+Y4=
-7,25,6+oOz2NxTglWFsPp4ADbImEPV2A=,p3NUWk3ZNq9EGAuoy0b4HJsf+Y4=
-6,25,6+oOz2NxTglWFsPp4ADbImEPV2A=,p3NUWk3ZNq9EGAuoy0b4HJsf+Y4=
-1,24,6+oOz2NxTglWFsPp4ADbImEPV2A=,n5B+A4Rf/xEPinJhzsuoVS4gxQg=
-1,23,6+oOz2NxTglWFsPp4ADbImEPV2A=,n5B+A4Rf/xEPinJhzsuoVS4gxQg=
-1,22,6+oOz2NxTglWFsPp4ADbImEPV2A=,n5B+A4Rf/xEPinJhzsuoVS4gxQg=
-1,21,6+oOz2NxTglWFsPp4ADbImEPV2A=,n5B+A4Rf/xEPinJhzsuoVS4gxQg=
-1,19,6+oOz2NxTglWFsPp4ADbImEPV2A=,K77lCcKbqcyZvAGSFDAqa6fugSw=
-1,20,6+oOz2NxTglWFsPp4ADbImEPV2A=,n5B+A4Rf/xEPinJhzsuoVS4gxQg=
-3,29,zCXf52TRyzoIUfAeCwMFvEVRpjg=,p3NUWk3ZNq9EGAuoy0b4HJsf+Y4=
-2,29,zCXf52TRyzoIUfAeCwMFvEVRpjg=,p3NUWk3ZNq9EGAuoy0b4HJsf+Y4=
-1,29,zCXf52TRyzoIUfAeCwMFvEVRpjg=,p3NUWk3ZNq9EGAuoy0b4HJsf+Y4=
-4,28,zCXf52TRyzoIUfAeCwMFvEVRpjg=,p3NUWk3ZNq9EGAuoy0b4HJsf+Y4=
-5,28,zCXf52TRyzoIUfAeCwMFvEVRpjg=,p3NUWk3ZNq9EGAuoy0b4HJsf+Y4=
-5,27,zCXf52TRyzoIUfAeCwMFvEVRpjg=,p3NUWk3ZNq9EGAuoy0b4HJsf+Y4=
-4,27,zCXf52TRyzoIUfAeCwMFvEVRpjg=,p3NUWk3ZNq9EGAuoy0b4HJsf+Y4=
-4,26,zCXf52TRyzoIUfAeCwMFvEVRpjg=,p3NUWk3ZNq9EGAuoy0b4HJsf+Y4=
-4,25,zCXf52TRyzoIUfAeCwMFvEVRpjg=,n5B+A4Rf/xEPinJhzsuoVS4gxQg=
-5,25,zCXf52TRyzoIUfAeCwMFvEVRpjg=,p3NUWk3ZNq9EGAuoy0b4HJsf+Y4=
-5,26,zCXf52TRyzoIUfAeCwMFvEVRpjg=,p3NUWk3ZNq9EGAuoy0b4HJsf+Y4=
-2,28,zCXf52TRyzoIUfAeCwMFvEVRpjg=,p3NUWk3ZNq9EGAuoy0b4HJsf+Y4=
-3,27,zCXf52TRyzoIUfAeCwMFvEVRpjg=,p3NUWk3ZNq9EGAuoy0b4HJsf+Y4=
-1,25,zCXf52TRyzoIUfAeCwMFvEVRpjg=,n5B+A4Rf/xEPinJhzsuoVS4gxQg=
-1,27,zCXf52TRyzoIUfAeCwMFvEVRpjg=,n5B+A4Rf/xEPinJhzsuoVS4gxQg=
-3,25,zCXf52TRyzoIUfAeCwMFvEVRpjg=,n5B+A4Rf/xEPinJhzsuoVS4gxQg=
-3,28,zCXf52TRyzoIUfAeCwMFvEVRpjg=,p3NUWk3ZNq9EGAuoy0b4HJsf+Y4=
-2,25,zCXf52TRyzoIUfAeCwMFvEVRpjg=,n5B+A4Rf/xEPinJhzsuoVS4gxQg=
-2,26,zCXf52TRyzoIUfAeCwMFvEVRpjg=,n5B+A4Rf/xEPinJhzsuoVS4gxQg=
-3,26,zCXf52TRyzoIUfAeCwMFvEVRpjg=,p3NUWk3ZNq9EGAuoy0b4HJsf+Y4=
-2,27,zCXf52TRyzoIUfAeCwMFvEVRpjg=,n5B+A4Rf/xEPinJhzsuoVS4gxQg=
-1,28,zCXf52TRyzoIUfAeCwMFvEVRpjg=,p3NUWk3ZNq9EGAuoy0b4HJsf+Y4=
-1,26,zCXf52TRyzoIUfAeCwMFvEVRpjg=,n5B+A4Rf/xEPinJhzsuoVS4gxQg=
-11,18,zCXf52TRyzoIUfAeCwMFvEVRpjg=,n5B+A4Rf/xEPinJhzsuoVS4gxQg=
-13,17,zCXf52TRyzoIUfAeCwMFvEVRpjg=,gJ1NS2RlbT+Xa27SUWpDbiUE9YA=
-13,18,zCXf52TRyzoIUfAeCwMFvEVRpjg=,EM52pm7FuUOm0IYePBiVFynd4B4=
-10,18,zCXf52TRyzoIUfAeCwMFvEVRpjg=,PhFG9+r7mbniC4yGGGTkoE4+RQs=
-11,17,zCXf52TRyzoIUfAeCwMFvEVRpjg=,6AL0lFD/wlzq8KpiY3thGCmME/Q=
-12,17,zCXf52TRyzoIUfAeCwMFvEVRpjg=,6AL0lFD/wlzq8KpiY3thGCmME/Q=
-12,18,zCXf52TRyzoIUfAeCwMFvEVRpjg=,n5B+A4Rf/xEPinJhzsuoVS4gxQg=
-10,17,zCXf52TRyzoIUfAeCwMFvEVRpjg=,qMcvkzXDTtUaFvHNX5o00BOXFQc=
-11,20,Ky0yVU/8mHiaPOf7+HRGu7nOSZE=,XozsGFqhvI0zIgKx47W78E5AmrM=
-11,19,Ky0yVU/8mHiaPOf7+HRGu7nOSZE=,n5B+A4Rf/xEPinJhzsuoVS4gxQg=
-10,20,Ky0yVU/8mHiaPOf7+HRGu7nOSZE=,gJ1NS2RlbT+Xa27SUWpDbiUE9YA=
-13,20,Ky0yVU/8mHiaPOf7+HRGu7nOSZE=,EM52pm7FuUOm0IYePBiVFynd4B4=
-10,19,Ky0yVU/8mHiaPOf7+HRGu7nOSZE=,PhFG9+r7mbniC4yGGGTkoE4+RQs=
-12,19,Ky0yVU/8mHiaPOf7+HRGu7nOSZE=,n5B+A4Rf/xEPinJhzsuoVS4gxQg=
-12,20,Ky0yVU/8mHiaPOf7+HRGu7nOSZE=,XozsGFqhvI0zIgKx47W78E5AmrM=
-13,19,Ky0yVU/8mHiaPOf7+HRGu7nOSZE=,EM52pm7FuUOm0IYePBiVFynd4B4=
-11,21,Ky0yVU/8mHiaPOf7+HRGu7nOSZE=,XozsGFqhvI0zIgKx47W78E5AmrM=
-11,22,Ky0yVU/8mHiaPOf7+HRGu7nOSZE=,8yYc5TA+VlMF2J6CHHg3uzi+mZo=
-10,22,Ky0yVU/8mHiaPOf7+HRGu7nOSZE=,8yYc5TA+VlMF2J6CHHg3uzi+mZo=
-10,21,Ky0yVU/8mHiaPOf7+HRGu7nOSZE=,gJ1NS2RlbT+Xa27SUWpDbiUE9YA=
-13,21,Ky0yVU/8mHiaPOf7+HRGu7nOSZE=,EM52pm7FuUOm0IYePBiVFynd4B4=
-13,22,Ky0yVU/8mHiaPOf7+HRGu7nOSZE=,EM52pm7FuUOm0IYePBiVFynd4B4=
-12,22,Ky0yVU/8mHiaPOf7+HRGu7nOSZE=,8yYc5TA+VlMF2J6CHHg3uzi+mZo=
-12,21,Ky0yVU/8mHiaPOf7+HRGu7nOSZE=,XozsGFqhvI0zIgKx47W78E5AmrM=
-13,24,Ky0yVU/8mHiaPOf7+HRGu7nOSZE=,8yYc5TA+VlMF2J6CHHg3uzi+mZo=
-13,23,Ky0yVU/8mHiaPOf7+HRGu7nOSZE=,EM52pm7FuUOm0IYePBiVFynd4B4=
-12,24,Ky0yVU/8mHiaPOf7+HRGu7nOSZE=,8yYc5TA+VlMF2J6CHHg3uzi+mZo=
-11,24,Ky0yVU/8mHiaPOf7+HRGu7nOSZE=,8yYc5TA+VlMF2J6CHHg3uzi+mZo=
-12,23,Ky0yVU/8mHiaPOf7+HRGu7nOSZE=,8yYc5TA+VlMF2J6CHHg3uzi+mZo=
-11,23,Ky0yVU/8mHiaPOf7+HRGu7nOSZE=,8yYc5TA+VlMF2J6CHHg3uzi+mZo=
-10,23,Ky0yVU/8mHiaPOf7+HRGu7nOSZE=,8yYc5TA+VlMF2J6CHHg3uzi+mZo=
-10,24,Ky0yVU/8mHiaPOf7+HRGu7nOSZE=,8yYc5TA+VlMF2J6CHHg3uzi+mZo=
-9,25,Ky0yVU/8mHiaPOf7+HRGu7nOSZE=,8yYc5TA+VlMF2J6CHHg3uzi+mZo=
-9,26,Ky0yVU/8mHiaPOf7+HRGu7nOSZE=,8yYc5TA+VlMF2J6CHHg3uzi+mZo=
-8,26,Ky0yVU/8mHiaPOf7+HRGu7nOSZE=,p3NUWk3ZNq9EGAuoy0b4HJsf+Y4=
-8,25,Ky0yVU/8mHiaPOf7+HRGu7nOSZE=,p3NUWk3ZNq9EGAuoy0b4HJsf+Y4=
-13,25,Ky0yVU/8mHiaPOf7+HRGu7nOSZE=,8yYc5TA+VlMF2J6CHHg3uzi+mZo=
-10,25,Ky0yVU/8mHiaPOf7+HRGu7nOSZE=,8yYc5TA+VlMF2J6CHHg3uzi+mZo=
-12,26,Ky0yVU/8mHiaPOf7+HRGu7nOSZE=,8yYc5TA+VlMF2J6CHHg3uzi+mZo=
-12,25,Ky0yVU/8mHiaPOf7+HRGu7nOSZE=,8yYc5TA+VlMF2J6CHHg3uzi+mZo=
-13,26,Ky0yVU/8mHiaPOf7+HRGu7nOSZE=,8yYc5TA+VlMF2J6CHHg3uzi+mZo=
-11,25,Ky0yVU/8mHiaPOf7+HRGu7nOSZE=,8yYc5TA+VlMF2J6CHHg3uzi+mZo=
-10,26,Ky0yVU/8mHiaPOf7+HRGu7nOSZE=,8yYc5TA+VlMF2J6CHHg3uzi+mZo=
-11,26,Ky0yVU/8mHiaPOf7+HRGu7nOSZE=,8yYc5TA+VlMF2J6CHHg3uzi+mZo=
-9,27,Ky0yVU/8mHiaPOf7+HRGu7nOSZE=,8yYc5TA+VlMF2J6CHHg3uzi+mZo=
-8,27,Ky0yVU/8mHiaPOf7+HRGu7nOSZE=,p3NUWk3ZNq9EGAuoy0b4HJsf+Y4=
-8,28,Ky0yVU/8mHiaPOf7+HRGu7nOSZE=,EM52pm7FuUOm0IYePBiVFynd4B4=
-9,28,Ky0yVU/8mHiaPOf7+HRGu7nOSZE=,EM52pm7FuUOm0IYePBiVFynd4B4=
-10,27,wftKLmWkN9e2ZCMDYNPsMLMevAI=,8yYc5TA+VlMF2J6CHHg3uzi+mZo=
-10,28,wftKLmWkN9e2ZCMDYNPsMLMevAI=,EM52pm7FuUOm0IYePBiVFynd4B4=
-11,27,wftKLmWkN9e2ZCMDYNPsMLMevAI=,8yYc5TA+VlMF2J6CHHg3uzi+mZo=
-11,28,wftKLmWkN9e2ZCMDYNPsMLMevAI=,8yYc5TA+VlMF2J6CHHg3uzi+mZo=
-4,29,wftKLmWkN9e2ZCMDYNPsMLMevAI=,p3NUWk3ZNq9EGAuoy0b4HJsf+Y4=
-5,29,wftKLmWkN9e2ZCMDYNPsMLMevAI=,p3NUWk3ZNq9EGAuoy0b4HJsf+Y4=
-11,30,wftKLmWkN9e2ZCMDYNPsMLMevAI=,8yYc5TA+VlMF2J6CHHg3uzi+mZo=
-10,30,wftKLmWkN9e2ZCMDYNPsMLMevAI=,EM52pm7FuUOm0IYePBiVFynd4B4=
-10,29,wftKLmWkN9e2ZCMDYNPsMLMevAI=,EM52pm7FuUOm0IYePBiVFynd4B4=
-11,29,wftKLmWkN9e2ZCMDYNPsMLMevAI=,8yYc5TA+VlMF2J6CHHg3uzi+mZo=
-11,31,wftKLmWkN9e2ZCMDYNPsMLMevAI=,8yYc5TA+VlMF2J6CHHg3uzi+mZo=
-10,31,wftKLmWkN9e2ZCMDYNPsMLMevAI=,EM52pm7FuUOm0IYePBiVFynd4B4=
-13,16,wftKLmWkN9e2ZCMDYNPsMLMevAI=,gJ1NS2RlbT+Xa27SUWpDbiUE9YA=
-12,16,wftKLmWkN9e2ZCMDYNPsMLMevAI=,6AL0lFD/wlzq8KpiY3thGCmME/Q=
-10,16,wftKLmWkN9e2ZCMDYNPsMLMevAI=,qMcvkzXDTtUaFvHNX5o00BOXFQc=
-11,16,wftKLmWkN9e2ZCMDYNPsMLMevAI=,6AL0lFD/wlzq8KpiY3thGCmME/Q=
-8,16,wftKLmWkN9e2ZCMDYNPsMLMevAI=,2h6yjgsNZQnOrE37o6UHtw5+Ua4=
-9,16,wftKLmWkN9e2ZCMDYNPsMLMevAI=,qMcvkzXDTtUaFvHNX5o00BOXFQc=
-14,28,wftKLmWkN9e2ZCMDYNPsMLMevAI=,8yYc5TA+VlMF2J6CHHg3uzi+mZo=
-14,27,wftKLmWkN9e2ZCMDYNPsMLMevAI=,8yYc5TA+VlMF2J6CHHg3uzi+mZo=
-13,27,wftKLmWkN9e2ZCMDYNPsMLMevAI=,8yYc5TA+VlMF2J6CHHg3uzi+mZo=
-13,28,wftKLmWkN9e2ZCMDYNPsMLMevAI=,8yYc5TA+VlMF2J6CHHg3uzi+mZo=
-12,27,wftKLmWkN9e2ZCMDYNPsMLMevAI=,8yYc5TA+VlMF2J6CHHg3uzi+mZo=
-12,28,wftKLmWkN9e2ZCMDYNPsMLMevAI=,8yYc5TA+VlMF2J6CHHg3uzi+mZo=
-6,16,wftKLmWkN9e2ZCMDYNPsMLMevAI=,esa4kcagWOv3S86gmgtyouqVypM=
-7,16,wftKLmWkN9e2ZCMDYNPsMLMevAI=,2h6yjgsNZQnOrE37o6UHtw5+Ua4=
-4,16,wftKLmWkN9e2ZCMDYNPsMLMevAI=,cA5MwVHorderXHj/IHItz15bmn4=
-7,29,wftKLmWkN9e2ZCMDYNPsMLMevAI=,EM52pm7FuUOm0IYePBiVFynd4B4=
-6,29,wftKLmWkN9e2ZCMDYNPsMLMevAI=,p3NUWk3ZNq9EGAuoy0b4HJsf+Y4=
-7,31,wftKLmWkN9e2ZCMDYNPsMLMevAI=,EM52pm7FuUOm0IYePBiVFynd4B4=
-5,16,wftKLmWkN9e2ZCMDYNPsMLMevAI=,esa4kcagWOv3S86gmgtyouqVypM=
-8,30,wftKLmWkN9e2ZCMDYNPsMLMevAI=,EM52pm7FuUOm0IYePBiVFynd4B4=
-7,30,wftKLmWkN9e2ZCMDYNPsMLMevAI=,EM52pm7FuUOm0IYePBiVFynd4B4=
-8,31,wftKLmWkN9e2ZCMDYNPsMLMevAI=,EM52pm7FuUOm0IYePBiVFynd4B4=
-8,29,wftKLmWkN9e2ZCMDYNPsMLMevAI=,EM52pm7FuUOm0IYePBiVFynd4B4=
-9,31,wftKLmWkN9e2ZCMDYNPsMLMevAI=,EM52pm7FuUOm0IYePBiVFynd4B4=
-9,29,wftKLmWkN9e2ZCMDYNPsMLMevAI=,EM52pm7FuUOm0IYePBiVFynd4B4=
-9,30,wftKLmWkN9e2ZCMDYNPsMLMevAI=,EM52pm7FuUOm0IYePBiVFynd4B4=
-14,29,wftKLmWkN9e2ZCMDYNPsMLMevAI=,8yYc5TA+VlMF2J6CHHg3uzi+mZo=
-14,30,wftKLmWkN9e2ZCMDYNPsMLMevAI=,8yYc5TA+VlMF2J6CHHg3uzi+mZo=
-12,31,wftKLmWkN9e2ZCMDYNPsMLMevAI=,8yYc5TA+VlMF2J6CHHg3uzi+mZo=
-14,31,wftKLmWkN9e2ZCMDYNPsMLMevAI=,8yYc5TA+VlMF2J6CHHg3uzi+mZo=
-12,30,wftKLmWkN9e2ZCMDYNPsMLMevAI=,8yYc5TA+VlMF2J6CHHg3uzi+mZo=
-13,30,wftKLmWkN9e2ZCMDYNPsMLMevAI=,8yYc5TA+VlMF2J6CHHg3uzi+mZo=
-13,29,wftKLmWkN9e2ZCMDYNPsMLMevAI=,8yYc5TA+VlMF2J6CHHg3uzi+mZo=
-12,29,wftKLmWkN9e2ZCMDYNPsMLMevAI=,8yYc5TA+VlMF2J6CHHg3uzi+mZo=
-13,31,wftKLmWkN9e2ZCMDYNPsMLMevAI=,8yYc5TA+VlMF2J6CHHg3uzi+mZo=
-14,22,wftKLmWkN9e2ZCMDYNPsMLMevAI=,EM52pm7FuUOm0IYePBiVFynd4B4=
-14,21,wftKLmWkN9e2ZCMDYNPsMLMevAI=,EM52pm7FuUOm0IYePBiVFynd4B4=
-14,25,wftKLmWkN9e2ZCMDYNPsMLMevAI=,8yYc5TA+VlMF2J6CHHg3uzi+mZo=
-14,23,wftKLmWkN9e2ZCMDYNPsMLMevAI=,EM52pm7FuUOm0IYePBiVFynd4B4=
-14,26,wftKLmWkN9e2ZCMDYNPsMLMevAI=,8yYc5TA+VlMF2J6CHHg3uzi+mZo=
-14,24,wftKLmWkN9e2ZCMDYNPsMLMevAI=,8yYc5TA+VlMF2J6CHHg3uzi+mZo=
-14,20,wftKLmWkN9e2ZCMDYNPsMLMevAI=,EM52pm7FuUOm0IYePBiVFynd4B4=
-16,19,wftKLmWkN9e2ZCMDYNPsMLMevAI=,EM52pm7FuUOm0IYePBiVFynd4B4=
-15,19,wftKLmWkN9e2ZCMDYNPsMLMevAI=,EM52pm7FuUOm0IYePBiVFynd4B4=
-14,19,wftKLmWkN9e2ZCMDYNPsMLMevAI=,EM52pm7FuUOm0IYePBiVFynd4B4=
-16,16,wftKLmWkN9e2ZCMDYNPsMLMevAI=,EM52pm7FuUOm0IYePBiVFynd4B4=
-15,16,wftKLmWkN9e2ZCMDYNPsMLMevAI=,EM52pm7FuUOm0IYePBiVFynd4B4=
-16,17,wftKLmWkN9e2ZCMDYNPsMLMevAI=,EM52pm7FuUOm0IYePBiVFynd4B4=
-15,18,wftKLmWkN9e2ZCMDYNPsMLMevAI=,EM52pm7FuUOm0IYePBiVFynd4B4=
-16,18,wftKLmWkN9e2ZCMDYNPsMLMevAI=,EM52pm7FuUOm0IYePBiVFynd4B4=
-15,17,wftKLmWkN9e2ZCMDYNPsMLMevAI=,EM52pm7FuUOm0IYePBiVFynd4B4=
-14,16,wftKLmWkN9e2ZCMDYNPsMLMevAI=,gJ1NS2RlbT+Xa27SUWpDbiUE9YA=
-14,18,wftKLmWkN9e2ZCMDYNPsMLMevAI=,EM52pm7FuUOm0IYePBiVFynd4B4=
-14,17,wftKLmWkN9e2ZCMDYNPsMLMevAI=,gJ1NS2RlbT+Xa27SUWpDbiUE9YA=
-1,16,wftKLmWkN9e2ZCMDYNPsMLMevAI=,K77lCcKbqcyZvAGSFDAqa6fugSw=
-1,18,wftKLmWkN9e2ZCMDYNPsMLMevAI=,K77lCcKbqcyZvAGSFDAqa6fugSw=
-3,16,wftKLmWkN9e2ZCMDYNPsMLMevAI=,cA5MwVHorderXHj/IHItz15bmn4=
-2,17,wftKLmWkN9e2ZCMDYNPsMLMevAI=,K77lCcKbqcyZvAGSFDAqa6fugSw=
-3,17,wftKLmWkN9e2ZCMDYNPsMLMevAI=,cA5MwVHorderXHj/IHItz15bmn4=
-1,17,wftKLmWkN9e2ZCMDYNPsMLMevAI=,K77lCcKbqcyZvAGSFDAqa6fugSw=
-2,16,wftKLmWkN9e2ZCMDYNPsMLMevAI=,K77lCcKbqcyZvAGSFDAqa6fugSw=
-2,18,wftKLmWkN9e2ZCMDYNPsMLMevAI=,K77lCcKbqcyZvAGSFDAqa6fugSw=
-3,18,wftKLmWkN9e2ZCMDYNPsMLMevAI=,C7WZWAMB6qfdBYhZxwdLnishmCU=
-2,14,oEgq3aQL65vtMJncwwRi8gufVv4=,SuBaaqjtWZqxCQoESaY8I38nl5Q=
-2,13,oEgq3aQL65vtMJncwwRi8gufVv4=,hRI0Aztek7VDIY6mnXlqFQ1E/sA=
-3,14,oEgq3aQL65vtMJncwwRi8gufVv4=,2w0TcdcjEBTNxBivn6YN6wGXHyw=
-3,13,oEgq3aQL65vtMJncwwRi8gufVv4=,U6GzhWxIRr5SzBid2XnAQCop6Dw=
-4,12,oEgq3aQL65vtMJncwwRi8gufVv4=,U6GzhWxIRr5SzBid2XnAQCop6Dw=
-4,11,oEgq3aQL65vtMJncwwRi8gufVv4=,+z3UiTjmxn/OhANqyYWhLN+cdiU=
-5,11,oEgq3aQL65vtMJncwwRi8gufVv4=,DjKpYUk1/FppDdmifCnXBGvmOYA=
-5,12,oEgq3aQL65vtMJncwwRi8gufVv4=,dqHf+xe1EUMqeRF/xUI1F6/D+O4=
-6,11,4ONbwwT61dIr+o/Fu9O15ZboscM=,DjKpYUk1/FppDdmifCnXBGvmOYA=
-7,11,4ONbwwT61dIr+o/Fu9O15ZboscM=,1P/iPxAoCg+ohHJJJ2xFQVxrvTc=
-6,12,4ONbwwT61dIr+o/Fu9O15ZboscM=,dqHf+xe1EUMqeRF/xUI1F6/D+O4=
-7,12,4ONbwwT61dIr+o/Fu9O15ZboscM=,K/cGARRZLBG+8pF1zWLtKYvcioc=
-6,10,4ONbwwT61dIr+o/Fu9O15ZboscM=,DjKpYUk1/FppDdmifCnXBGvmOYA=
-6,9,4ONbwwT61dIr+o/Fu9O15ZboscM=,pSuqYl9GXDCrY1lKl12cw4fJrJc=
-7,10,4ONbwwT61dIr+o/Fu9O15ZboscM=,1P/iPxAoCg+ohHJJJ2xFQVxrvTc=
-7,9,4ONbwwT61dIr+o/Fu9O15ZboscM=,7V10KHzzstnMumjapzNhBg4WECE=
-8,9,4ONbwwT61dIr+o/Fu9O15ZboscM=,7V10KHzzstnMumjapzNhBg4WECE=
-8,10,4ONbwwT61dIr+o/Fu9O15ZboscM=,1P/iPxAoCg+ohHJJJ2xFQVxrvTc=
-9,10,4ONbwwT61dIr+o/Fu9O15ZboscM=,0WIggEJm1ExMqsTendeKsFvcz4c=
-9,9,4ONbwwT61dIr+o/Fu9O15ZboscM=,FLlGKe0wO71oGpsQIoqHoyDVa1E=
-4,9,4ONbwwT61dIr+o/Fu9O15ZboscM=,zLW9JXlf+8oezLLQrohJxy7Z2Nc=
-5,10,4ONbwwT61dIr+o/Fu9O15ZboscM=,DjKpYUk1/FppDdmifCnXBGvmOYA=
-4,10,4ONbwwT61dIr+o/Fu9O15ZboscM=,+z3UiTjmxn/OhANqyYWhLN+cdiU=
-5,9,4ONbwwT61dIr+o/Fu9O15ZboscM=,pSuqYl9GXDCrY1lKl12cw4fJrJc=
-4,8,4ONbwwT61dIr+o/Fu9O15ZboscM=,zLW9JXlf+8oezLLQrohJxy7Z2Nc=
-4,7,4ONbwwT61dIr+o/Fu9O15ZboscM=,jDz3o+amclgNXYGCcViB4W4ep/8=
-5,7,6BPkOW1Fq9ZW6s4fecdjXw3k9NM=,o0TJ5hvyl3dofNZYmHRROcjBSuM=
-5,8,6BPkOW1Fq9ZW6s4fecdjXw3k9NM=,pSuqYl9GXDCrY1lKl12cw4fJrJc=
-5,5,6BPkOW1Fq9ZW6s4fecdjXw3k9NM=,YsNjwRWBn1/g7tsHDzrvQBtFaTw=
-4,5,6BPkOW1Fq9ZW6s4fecdjXw3k9NM=,xoF+wQhXgTYlTQmI2qvrnnD1YxY=
-5,6,6BPkOW1Fq9ZW6s4fecdjXw3k9NM=,o0TJ5hvyl3dofNZYmHRROcjBSuM=
-4,6,6BPkOW1Fq9ZW6s4fecdjXw3k9NM=,jDz3o+amclgNXYGCcViB4W4ep/8=
-4,4,6BPkOW1Fq9ZW6s4fecdjXw3k9NM=,xoF+wQhXgTYlTQmI2qvrnnD1YxY=
-4,3,6BPkOW1Fq9ZW6s4fecdjXw3k9NM=,Lx0SeGO97UYfg7PC0qxObKbTrBE=
-5,3,6BPkOW1Fq9ZW6s4fecdjXw3k9NM=,AJTjeZWMNucH+gbp+hqcUJYdJgc=
-5,4,6BPkOW1Fq9ZW6s4fecdjXw3k9NM=,YsNjwRWBn1/g7tsHDzrvQBtFaTw=
-5,1,Rx5NHpdv9a6gf0HsCj7+OW0inH0=,PfYPiVdG/kxjb0rLPaBxEWe5g5A=
-4,1,Rx5NHpdv9a6gf0HsCj7+OW0inH0=,86hFYErv/n9UwB0xFyB2QfJVjCo=
-4,2,Rx5NHpdv9a6gf0HsCj7+OW0inH0=,Lx0SeGO97UYfg7PC0qxObKbTrBE=
-5,2,Rx5NHpdv9a6gf0HsCj7+OW0inH0=,AJTjeZWMNucH+gbp+hqcUJYdJgc=
-6,3,Rx5NHpdv9a6gf0HsCj7+OW0inH0=,AJTjeZWMNucH+gbp+hqcUJYdJgc=
-7,4,Rx5NHpdv9a6gf0HsCj7+OW0inH0=,1p/kRKtBSjz4BzQLdyQP5Gi4Ns8=
-7,3,Rx5NHpdv9a6gf0HsCj7+OW0inH0=,Mw4dosajj+LTlKsgybTR3JSWSbs=
-6,4,Rx5NHpdv9a6gf0HsCj7+OW0inH0=,YsNjwRWBn1/g7tsHDzrvQBtFaTw=
-6,1,Rx5NHpdv9a6gf0HsCj7+OW0inH0=,PfYPiVdG/kxjb0rLPaBxEWe5g5A=
-6,2,Rx5NHpdv9a6gf0HsCj7+OW0inH0=,AJTjeZWMNucH+gbp+hqcUJYdJgc=
-7,2,Rx5NHpdv9a6gf0HsCj7+OW0inH0=,Mw4dosajj+LTlKsgybTR3JSWSbs=
-7,1,Rx5NHpdv9a6gf0HsCj7+OW0inH0=,HODS/XAz1aDidZl9a6fDwqASRts=
-6,8,Rx5NHpdv9a6gf0HsCj7+OW0inH0=,pSuqYl9GXDCrY1lKl12cw4fJrJc=
-6,7,Rx5NHpdv9a6gf0HsCj7+OW0inH0=,o0TJ5hvyl3dofNZYmHRROcjBSuM=
-6,5,Rx5NHpdv9a6gf0HsCj7+OW0inH0=,YsNjwRWBn1/g7tsHDzrvQBtFaTw=
-7,7,Rx5NHpdv9a6gf0HsCj7+OW0inH0=,MQB97tyGuTL4i6f3NONhW9VKiIc=
-7,8,Rx5NHpdv9a6gf0HsCj7+OW0inH0=,7V10KHzzstnMumjapzNhBg4WECE=
-7,5,Rx5NHpdv9a6gf0HsCj7+OW0inH0=,1p/kRKtBSjz4BzQLdyQP5Gi4Ns8=
-6,6,Rx5NHpdv9a6gf0HsCj7+OW0inH0=,o0TJ5hvyl3dofNZYmHRROcjBSuM=
-7,6,Rx5NHpdv9a6gf0HsCj7+OW0inH0=,MQB97tyGuTL4i6f3NONhW9VKiIc=
-8,3,cgJk39ZfFU9mXKDTvMLbYRcWAwg=,Mw4dosajj+LTlKsgybTR3JSWSbs=
-9,3,cgJk39ZfFU9mXKDTvMLbYRcWAwg=,Dh/3UpWpWdUxvUd+KCE9MBlb9ZI=
-8,4,cgJk39ZfFU9mXKDTvMLbYRcWAwg=,1p/kRKtBSjz4BzQLdyQP5Gi4Ns8=
-9,4,cgJk39ZfFU9mXKDTvMLbYRcWAwg=,MeOBBfsO4u317QQDOfQMxrT253I=
-8,6,cgJk39ZfFU9mXKDTvMLbYRcWAwg=,MQB97tyGuTL4i6f3NONhW9VKiIc=
-9,8,cgJk39ZfFU9mXKDTvMLbYRcWAwg=,FLlGKe0wO71oGpsQIoqHoyDVa1E=
-8,8,cgJk39ZfFU9mXKDTvMLbYRcWAwg=,7V10KHzzstnMumjapzNhBg4WECE=
-8,7,cgJk39ZfFU9mXKDTvMLbYRcWAwg=,MQB97tyGuTL4i6f3NONhW9VKiIc=
-9,6,cgJk39ZfFU9mXKDTvMLbYRcWAwg=,++mvtR6nkcdxcEOHq1tx7ru840E=
-9,5,cgJk39ZfFU9mXKDTvMLbYRcWAwg=,MeOBBfsO4u317QQDOfQMxrT253I=
-9,7,cgJk39ZfFU9mXKDTvMLbYRcWAwg=,++mvtR6nkcdxcEOHq1tx7ru840E=
-8,5,cgJk39ZfFU9mXKDTvMLbYRcWAwg=,1p/kRKtBSjz4BzQLdyQP5Gi4Ns8=
-11,5,cgJk39ZfFU9mXKDTvMLbYRcWAwg=,Dh/3UpWpWdUxvUd+KCE9MBlb9ZI=
-11,6,cgJk39ZfFU9mXKDTvMLbYRcWAwg=,Kgryivm6Y6TxKa03hBvIhNcMVoc=
-10,5,cgJk39ZfFU9mXKDTvMLbYRcWAwg=,MeOBBfsO4u317QQDOfQMxrT253I=
-10,6,cgJk39ZfFU9mXKDTvMLbYRcWAwg=,++mvtR6nkcdxcEOHq1tx7ru840E=
-12,6,cgJk39ZfFU9mXKDTvMLbYRcWAwg=,Kgryivm6Y6TxKa03hBvIhNcMVoc=
-13,5,cgJk39ZfFU9mXKDTvMLbYRcWAwg=,C8UcEIvcrKMgneMveOZ9GM78I/8=
-13,6,cgJk39ZfFU9mXKDTvMLbYRcWAwg=,n5B+A4Rf/xEPinJhzsuoVS4gxQg=
-12,5,cgJk39ZfFU9mXKDTvMLbYRcWAwg=,Dh/3UpWpWdUxvUd+KCE9MBlb9ZI=
-12,3,TTvjrdAGQ377KIjGrTlehc9BhEw=,Dh/3UpWpWdUxvUd+KCE9MBlb9ZI=
-10,3,TTvjrdAGQ377KIjGrTlehc9BhEw=,Dh/3UpWpWdUxvUd+KCE9MBlb9ZI=
-13,4,TTvjrdAGQ377KIjGrTlehc9BhEw=,C8UcEIvcrKMgneMveOZ9GM78I/8=
-13,3,TTvjrdAGQ377KIjGrTlehc9BhEw=,H3yeanADiQfwnO4ZjUZt+XmgTNE=
-11,3,TTvjrdAGQ377KIjGrTlehc9BhEw=,Dh/3UpWpWdUxvUd+KCE9MBlb9ZI=
-11,4,TTvjrdAGQ377KIjGrTlehc9BhEw=,Dh/3UpWpWdUxvUd+KCE9MBlb9ZI=
-10,4,TTvjrdAGQ377KIjGrTlehc9BhEw=,MeOBBfsO4u317QQDOfQMxrT253I=
-12,4,TTvjrdAGQ377KIjGrTlehc9BhEw=,Dh/3UpWpWdUxvUd+KCE9MBlb9ZI=
-11,7,TTvjrdAGQ377KIjGrTlehc9BhEw=,Kgryivm6Y6TxKa03hBvIhNcMVoc=
-11,8,TTvjrdAGQ377KIjGrTlehc9BhEw=,n5B+A4Rf/xEPinJhzsuoVS4gxQg=
-12,8,TTvjrdAGQ377KIjGrTlehc9BhEw=,n5B+A4Rf/xEPinJhzsuoVS4gxQg=
-13,10,TTvjrdAGQ377KIjGrTlehc9BhEw=,n5B+A4Rf/xEPinJhzsuoVS4gxQg=
-10,8,TTvjrdAGQ377KIjGrTlehc9BhEw=,FLlGKe0wO71oGpsQIoqHoyDVa1E=
-10,9,TTvjrdAGQ377KIjGrTlehc9BhEw=,FLlGKe0wO71oGpsQIoqHoyDVa1E=
-13,8,TTvjrdAGQ377KIjGrTlehc9BhEw=,n5B+A4Rf/xEPinJhzsuoVS4gxQg=
-12,9,TTvjrdAGQ377KIjGrTlehc9BhEw=,n5B+A4Rf/xEPinJhzsuoVS4gxQg=
-11,9,TTvjrdAGQ377KIjGrTlehc9BhEw=,n5B+A4Rf/xEPinJhzsuoVS4gxQg=
-12,7,TTvjrdAGQ377KIjGrTlehc9BhEw=,Kgryivm6Y6TxKa03hBvIhNcMVoc=
-13,9,TTvjrdAGQ377KIjGrTlehc9BhEw=,n5B+A4Rf/xEPinJhzsuoVS4gxQg=
-13,7,TTvjrdAGQ377KIjGrTlehc9BhEw=,n5B+A4Rf/xEPinJhzsuoVS4gxQg=
-11,10,TTvjrdAGQ377KIjGrTlehc9BhEw=,n5B+A4Rf/xEPinJhzsuoVS4gxQg=
-10,7,TTvjrdAGQ377KIjGrTlehc9BhEw=,++mvtR6nkcdxcEOHq1tx7ru840E=
-12,10,TTvjrdAGQ377KIjGrTlehc9BhEw=,n5B+A4Rf/xEPinJhzsuoVS4gxQg=
-10,10,TTvjrdAGQ377KIjGrTlehc9BhEw=,0WIggEJm1ExMqsTendeKsFvcz4c=
-13,12,TTvjrdAGQ377KIjGrTlehc9BhEw=,n5B+A4Rf/xEPinJhzsuoVS4gxQg=
-13,11,TTvjrdAGQ377KIjGrTlehc9BhEw=,n5B+A4Rf/xEPinJhzsuoVS4gxQg=
-12,11,TTvjrdAGQ377KIjGrTlehc9BhEw=,n5B+A4Rf/xEPinJhzsuoVS4gxQg=
-12,12,TTvjrdAGQ377KIjGrTlehc9BhEw=,fuD0kDxbqTyzLtJ50A9KmzkdIbw=
-13,13,9zysquQ1saZ7cZ5ALm3Sz1Zwt20=,n5B+A4Rf/xEPinJhzsuoVS4gxQg=
-13,14,9zysquQ1saZ7cZ5ALm3Sz1Zwt20=,gJ1NS2RlbT+Xa27SUWpDbiUE9YA=
-12,14,9zysquQ1saZ7cZ5ALm3Sz1Zwt20=,gJ1NS2RlbT+Xa27SUWpDbiUE9YA=
-12,13,9zysquQ1saZ7cZ5ALm3Sz1Zwt20=,fuD0kDxbqTyzLtJ50A9KmzkdIbw=
-11,11,9zysquQ1saZ7cZ5ALm3Sz1Zwt20=,n5B+A4Rf/xEPinJhzsuoVS4gxQg=
-11,12,9zysquQ1saZ7cZ5ALm3Sz1Zwt20=,fuD0kDxbqTyzLtJ50A9KmzkdIbw=
-9,12,9zysquQ1saZ7cZ5ALm3Sz1Zwt20=,n5B+A4Rf/xEPinJhzsuoVS4gxQg=
-8,11,9zysquQ1saZ7cZ5ALm3Sz1Zwt20=,1P/iPxAoCg+ohHJJJ2xFQVxrvTc=
-10,12,9zysquQ1saZ7cZ5ALm3Sz1Zwt20=,n5B+A4Rf/xEPinJhzsuoVS4gxQg=
-8,12,9zysquQ1saZ7cZ5ALm3Sz1Zwt20=,K/cGARRZLBG+8pF1zWLtKYvcioc=
-9,11,9zysquQ1saZ7cZ5ALm3Sz1Zwt20=,0WIggEJm1ExMqsTendeKsFvcz4c=
-10,11,9zysquQ1saZ7cZ5ALm3Sz1Zwt20=,0WIggEJm1ExMqsTendeKsFvcz4c=
-10,14,9zysquQ1saZ7cZ5ALm3Sz1Zwt20=,n5B+A4Rf/xEPinJhzsuoVS4gxQg=
-11,13,9zysquQ1saZ7cZ5ALm3Sz1Zwt20=,fuD0kDxbqTyzLtJ50A9KmzkdIbw=
-11,14,9zysquQ1saZ7cZ5ALm3Sz1Zwt20=,gJ1NS2RlbT+Xa27SUWpDbiUE9YA=
-10,13,9zysquQ1saZ7cZ5ALm3Sz1Zwt20=,n5B+A4Rf/xEPinJhzsuoVS4gxQg=
-10,15,9zysquQ1saZ7cZ5ALm3Sz1Zwt20=,n5B+A4Rf/xEPinJhzsuoVS4gxQg=
-2,15,9zysquQ1saZ7cZ5ALm3Sz1Zwt20=,SuBaaqjtWZqxCQoESaY8I38nl5Q=
-3,15,9zysquQ1saZ7cZ5ALm3Sz1Zwt20=,2w0TcdcjEBTNxBivn6YN6wGXHyw=
-13,15,9zysquQ1saZ7cZ5ALm3Sz1Zwt20=,gJ1NS2RlbT+Xa27SUWpDbiUE9YA=
-11,15,9zysquQ1saZ7cZ5ALm3Sz1Zwt20=,gJ1NS2RlbT+Xa27SUWpDbiUE9YA=
-16,14,9zysquQ1saZ7cZ5ALm3Sz1Zwt20=,EM52pm7FuUOm0IYePBiVFynd4B4=
-12,15,9zysquQ1saZ7cZ5ALm3Sz1Zwt20=,gJ1NS2RlbT+Xa27SUWpDbiUE9YA=
-14,13,9zysquQ1saZ7cZ5ALm3Sz1Zwt20=,n5B+A4Rf/xEPinJhzsuoVS4gxQg=
-15,15,9zysquQ1saZ7cZ5ALm3Sz1Zwt20=,EM52pm7FuUOm0IYePBiVFynd4B4=
-14,14,9zysquQ1saZ7cZ5ALm3Sz1Zwt20=,gJ1NS2RlbT+Xa27SUWpDbiUE9YA=
-16,15,9zysquQ1saZ7cZ5ALm3Sz1Zwt20=,EM52pm7FuUOm0IYePBiVFynd4B4=
-15,14,9zysquQ1saZ7cZ5ALm3Sz1Zwt20=,EM52pm7FuUOm0IYePBiVFynd4B4=
-14,15,9zysquQ1saZ7cZ5ALm3Sz1Zwt20=,gJ1NS2RlbT+Xa27SUWpDbiUE9YA=
-1,14,9zysquQ1saZ7cZ5ALm3Sz1Zwt20=,SuBaaqjtWZqxCQoESaY8I38nl5Q=
-1,13,9zysquQ1saZ7cZ5ALm3Sz1Zwt20=,hRI0Aztek7VDIY6mnXlqFQ1E/sA=
-8,14,9zysquQ1saZ7cZ5ALm3Sz1Zwt20=,muV7b7Bx95hu40ywtdC7Lkdvtz8=
-9,14,9zysquQ1saZ7cZ5ALm3Sz1Zwt20=,n5B+A4Rf/xEPinJhzsuoVS4gxQg=
-8,15,9zysquQ1saZ7cZ5ALm3Sz1Zwt20=,muV7b7Bx95hu40ywtdC7Lkdvtz8=
-9,15,9zysquQ1saZ7cZ5ALm3Sz1Zwt20=,n5B+A4Rf/xEPinJhzsuoVS4gxQg=
-9,13,9zysquQ1saZ7cZ5ALm3Sz1Zwt20=,n5B+A4Rf/xEPinJhzsuoVS4gxQg=
-8,13,9zysquQ1saZ7cZ5ALm3Sz1Zwt20=,K/cGARRZLBG+8pF1zWLtKYvcioc=
-5,13,9zysquQ1saZ7cZ5ALm3Sz1Zwt20=,dqHf+xe1EUMqeRF/xUI1F6/D+O4=
-4,13,9zysquQ1saZ7cZ5ALm3Sz1Zwt20=,U6GzhWxIRr5SzBid2XnAQCop6Dw=
-7,14,9zysquQ1saZ7cZ5ALm3Sz1Zwt20=,muV7b7Bx95hu40ywtdC7Lkdvtz8=
-5,15,9zysquQ1saZ7cZ5ALm3Sz1Zwt20=,h6GV1J0h7MiG34oQTodg7ax54C4=
-7,15,9zysquQ1saZ7cZ5ALm3Sz1Zwt20=,muV7b7Bx95hu40ywtdC7Lkdvtz8=
-7,13,9zysquQ1saZ7cZ5ALm3Sz1Zwt20=,K/cGARRZLBG+8pF1zWLtKYvcioc=
-4,14,9zysquQ1saZ7cZ5ALm3Sz1Zwt20=,2w0TcdcjEBTNxBivn6YN6wGXHyw=
-6,14,9zysquQ1saZ7cZ5ALm3Sz1Zwt20=,h6GV1J0h7MiG34oQTodg7ax54C4=
-6,13,9zysquQ1saZ7cZ5ALm3Sz1Zwt20=,dqHf+xe1EUMqeRF/xUI1F6/D+O4=
-6,15,9zysquQ1saZ7cZ5ALm3Sz1Zwt20=,h6GV1J0h7MiG34oQTodg7ax54C4=
-4,15,9zysquQ1saZ7cZ5ALm3Sz1Zwt20=,2w0TcdcjEBTNxBivn6YN6wGXHyw=
-5,14,9zysquQ1saZ7cZ5ALm3Sz1Zwt20=,h6GV1J0h7MiG34oQTodg7ax54C4=
-3,9,4zdBfhXdtRWE4eEFb6oDbcinWfw=,zLW9JXlf+8oezLLQrohJxy7Z2Nc=
-2,9,4zdBfhXdtRWE4eEFb6oDbcinWfw=,GH7CGcqz/O4tIQwv2pcGgqj5P9c=
-2,10,4zdBfhXdtRWE4eEFb6oDbcinWfw=,gbcO0d3x5w0eWtqCGifnAla+2xE=
-2,12,4zdBfhXdtRWE4eEFb6oDbcinWfw=,hRI0Aztek7VDIY6mnXlqFQ1E/sA=
-3,10,4zdBfhXdtRWE4eEFb6oDbcinWfw=,+z3UiTjmxn/OhANqyYWhLN+cdiU=
-3,11,4zdBfhXdtRWE4eEFb6oDbcinWfw=,+z3UiTjmxn/OhANqyYWhLN+cdiU=
-2,11,4zdBfhXdtRWE4eEFb6oDbcinWfw=,gbcO0d3x5w0eWtqCGifnAla+2xE=
-3,12,4zdBfhXdtRWE4eEFb6oDbcinWfw=,U6GzhWxIRr5SzBid2XnAQCop6Dw=
-1,9,4zdBfhXdtRWE4eEFb6oDbcinWfw=,GH7CGcqz/O4tIQwv2pcGgqj5P9c=
-1,10,4zdBfhXdtRWE4eEFb6oDbcinWfw=,gbcO0d3x5w0eWtqCGifnAla+2xE=
-1,11,4zdBfhXdtRWE4eEFb6oDbcinWfw=,gbcO0d3x5w0eWtqCGifnAla+2xE=
-1,12,4zdBfhXdtRWE4eEFb6oDbcinWfw=,hRI0Aztek7VDIY6mnXlqFQ1E/sA=
-1,15,4zdBfhXdtRWE4eEFb6oDbcinWfw=,SuBaaqjtWZqxCQoESaY8I38nl5Q=
-3,0,4zdBfhXdtRWE4eEFb6oDbcinWfw=,86hFYErv/n9UwB0xFyB2QfJVjCo=
-2,0,4zdBfhXdtRWE4eEFb6oDbcinWfw=,MSvdUtIJgUEWNAWkdL4ZqGDUTEo=
-5,0,4zdBfhXdtRWE4eEFb6oDbcinWfw=,PfYPiVdG/kxjb0rLPaBxEWe5g5A=
-4,0,4zdBfhXdtRWE4eEFb6oDbcinWfw=,86hFYErv/n9UwB0xFyB2QfJVjCo=
-3,8,4zdBfhXdtRWE4eEFb6oDbcinWfw=,zLW9JXlf+8oezLLQrohJxy7Z2Nc=
-2,8,4zdBfhXdtRWE4eEFb6oDbcinWfw=,GH7CGcqz/O4tIQwv2pcGgqj5P9c=
-1,8,4zdBfhXdtRWE4eEFb6oDbcinWfw=,GH7CGcqz/O4tIQwv2pcGgqj5P9c=
-3,7,4zdBfhXdtRWE4eEFb6oDbcinWfw=,jDz3o+amclgNXYGCcViB4W4ep/8=
-2,7,4zdBfhXdtRWE4eEFb6oDbcinWfw=,IC64aFlW75eKbNmY008DE8s1q4Q=
-1,7,4zdBfhXdtRWE4eEFb6oDbcinWfw=,IC64aFlW75eKbNmY008DE8s1q4Q=
-6,0,4zdBfhXdtRWE4eEFb6oDbcinWfw=,PfYPiVdG/kxjb0rLPaBxEWe5g5A=
-7,0,4zdBfhXdtRWE4eEFb6oDbcinWfw=,HODS/XAz1aDidZl9a6fDwqASRts=
-3,5,4zdBfhXdtRWE4eEFb6oDbcinWfw=,xoF+wQhXgTYlTQmI2qvrnnD1YxY=
-2,5,4zdBfhXdtRWE4eEFb6oDbcinWfw=,CPvTppjqcjSuCmbDZGPX3WnXJDY=
-3,6,4zdBfhXdtRWE4eEFb6oDbcinWfw=,jDz3o+amclgNXYGCcViB4W4ep/8=
-1,5,4zdBfhXdtRWE4eEFb6oDbcinWfw=,CPvTppjqcjSuCmbDZGPX3WnXJDY=
-2,6,4zdBfhXdtRWE4eEFb6oDbcinWfw=,IC64aFlW75eKbNmY008DE8s1q4Q=
-1,6,4zdBfhXdtRWE4eEFb6oDbcinWfw=,IC64aFlW75eKbNmY008DE8s1q4Q=
-2,1,4zdBfhXdtRWE4eEFb6oDbcinWfw=,MSvdUtIJgUEWNAWkdL4ZqGDUTEo=
-3,4,4zdBfhXdtRWE4eEFb6oDbcinWfw=,xoF+wQhXgTYlTQmI2qvrnnD1YxY=
-3,1,4zdBfhXdtRWE4eEFb6oDbcinWfw=,86hFYErv/n9UwB0xFyB2QfJVjCo=
-1,2,4zdBfhXdtRWE4eEFb6oDbcinWfw=,30s/Jo314wN8ZGGtmRFROJ2y+8Q=
-1,1,4zdBfhXdtRWE4eEFb6oDbcinWfw=,MSvdUtIJgUEWNAWkdL4ZqGDUTEo=
-1,3,4zdBfhXdtRWE4eEFb6oDbcinWfw=,30s/Jo314wN8ZGGtmRFROJ2y+8Q=
-2,3,4zdBfhXdtRWE4eEFb6oDbcinWfw=,30s/Jo314wN8ZGGtmRFROJ2y+8Q=
-1,4,4zdBfhXdtRWE4eEFb6oDbcinWfw=,CPvTppjqcjSuCmbDZGPX3WnXJDY=
-2,4,4zdBfhXdtRWE4eEFb6oDbcinWfw=,CPvTppjqcjSuCmbDZGPX3WnXJDY=
-2,2,4zdBfhXdtRWE4eEFb6oDbcinWfw=,30s/Jo314wN8ZGGtmRFROJ2y+8Q=
-3,3,4zdBfhXdtRWE4eEFb6oDbcinWfw=,Lx0SeGO97UYfg7PC0qxObKbTrBE=
-3,2,4zdBfhXdtRWE4eEFb6oDbcinWfw=,Lx0SeGO97UYfg7PC0qxObKbTrBE=
-8,2,Q4Cq3dCAPSw9A2WvUZ3v7bx9BsA=,Mw4dosajj+LTlKsgybTR3JSWSbs=
-8,1,Q4Cq3dCAPSw9A2WvUZ3v7bx9BsA=,HODS/XAz1aDidZl9a6fDwqASRts=
-9,1,Q4Cq3dCAPSw9A2WvUZ3v7bx9BsA=,pfcoRMfgWw3bppyHPIPwXjpQVtw=
-9,2,Q4Cq3dCAPSw9A2WvUZ3v7bx9BsA=,Dh/3UpWpWdUxvUd+KCE9MBlb9ZI=
-11,1,Q4Cq3dCAPSw9A2WvUZ3v7bx9BsA=,aJobdrNrKOXwl1ETPp5j2hmVvYc=
-11,2,Q4Cq3dCAPSw9A2WvUZ3v7bx9BsA=,Dh/3UpWpWdUxvUd+KCE9MBlb9ZI=
-10,1,Q4Cq3dCAPSw9A2WvUZ3v7bx9BsA=,pfcoRMfgWw3bppyHPIPwXjpQVtw=
-10,2,Q4Cq3dCAPSw9A2WvUZ3v7bx9BsA=,Dh/3UpWpWdUxvUd+KCE9MBlb9ZI=
-13,2,Q4Cq3dCAPSw9A2WvUZ3v7bx9BsA=,H3yeanADiQfwnO4ZjUZt+XmgTNE=
-12,1,Q4Cq3dCAPSw9A2WvUZ3v7bx9BsA=,aJobdrNrKOXwl1ETPp5j2hmVvYc=
-12,2,Q4Cq3dCAPSw9A2WvUZ3v7bx9BsA=,Dh/3UpWpWdUxvUd+KCE9MBlb9ZI=
-13,1,Q4Cq3dCAPSw9A2WvUZ3v7bx9BsA=,jkO11ggV7hNUtAA+qSY/YQ9YOBI=
-15,10,Q4Cq3dCAPSw9A2WvUZ3v7bx9BsA=,n5B+A4Rf/xEPinJhzsuoVS4gxQg=
-15,11,Q4Cq3dCAPSw9A2WvUZ3v7bx9BsA=,n5B+A4Rf/xEPinJhzsuoVS4gxQg=
-16,11,Q4Cq3dCAPSw9A2WvUZ3v7bx9BsA=,n5B+A4Rf/xEPinJhzsuoVS4gxQg=
-14,12,Q4Cq3dCAPSw9A2WvUZ3v7bx9BsA=,n5B+A4Rf/xEPinJhzsuoVS4gxQg=
-14,11,Q4Cq3dCAPSw9A2WvUZ3v7bx9BsA=,n5B+A4Rf/xEPinJhzsuoVS4gxQg=
-15,9,Q4Cq3dCAPSw9A2WvUZ3v7bx9BsA=,n5B+A4Rf/xEPinJhzsuoVS4gxQg=
-16,10,Q4Cq3dCAPSw9A2WvUZ3v7bx9BsA=,n5B+A4Rf/xEPinJhzsuoVS4gxQg=
-16,9,Q4Cq3dCAPSw9A2WvUZ3v7bx9BsA=,n5B+A4Rf/xEPinJhzsuoVS4gxQg=
-14,10,Q4Cq3dCAPSw9A2WvUZ3v7bx9BsA=,n5B+A4Rf/xEPinJhzsuoVS4gxQg=
-14,9,Q4Cq3dCAPSw9A2WvUZ3v7bx9BsA=,n5B+A4Rf/xEPinJhzsuoVS4gxQg=
-15,0,Q4Cq3dCAPSw9A2WvUZ3v7bx9BsA=,gJ1NS2RlbT+Xa27SUWpDbiUE9YA=
-14,0,Q4Cq3dCAPSw9A2WvUZ3v7bx9BsA=,jkO11ggV7hNUtAA+qSY/YQ9YOBI=
-12,0,Q4Cq3dCAPSw9A2WvUZ3v7bx9BsA=,aJobdrNrKOXwl1ETPp5j2hmVvYc=
-13,0,Q4Cq3dCAPSw9A2WvUZ3v7bx9BsA=,jkO11ggV7hNUtAA+qSY/YQ9YOBI=
-1,0,Q4Cq3dCAPSw9A2WvUZ3v7bx9BsA=,MSvdUtIJgUEWNAWkdL4ZqGDUTEo=
-9,0,Q4Cq3dCAPSw9A2WvUZ3v7bx9BsA=,pfcoRMfgWw3bppyHPIPwXjpQVtw=
-10,0,Q4Cq3dCAPSw9A2WvUZ3v7bx9BsA=,pfcoRMfgWw3bppyHPIPwXjpQVtw=
-11,0,Q4Cq3dCAPSw9A2WvUZ3v7bx9BsA=,aJobdrNrKOXwl1ETPp5j2hmVvYc=
-16,0,Q4Cq3dCAPSw9A2WvUZ3v7bx9BsA=,gJ1NS2RlbT+Xa27SUWpDbiUE9YA=
-8,0,Q4Cq3dCAPSw9A2WvUZ3v7bx9BsA=,HODS/XAz1aDidZl9a6fDwqASRts=
-16,1,Q4Cq3dCAPSw9A2WvUZ3v7bx9BsA=,gJ1NS2RlbT+Xa27SUWpDbiUE9YA=
-15,1,Q4Cq3dCAPSw9A2WvUZ3v7bx9BsA=,gJ1NS2RlbT+Xa27SUWpDbiUE9YA=
-16,2,Q4Cq3dCAPSw9A2WvUZ3v7bx9BsA=,NE9mzkNwD7XQXnSBkNCbmSMyFYc=
-15,2,Q4Cq3dCAPSw9A2WvUZ3v7bx9BsA=,NE9mzkNwD7XQXnSBkNCbmSMyFYc=
-14,1,Q4Cq3dCAPSw9A2WvUZ3v7bx9BsA=,jkO11ggV7hNUtAA+qSY/YQ9YOBI=
-14,2,Q4Cq3dCAPSw9A2WvUZ3v7bx9BsA=,H3yeanADiQfwnO4ZjUZt+XmgTNE=
-16,3,Q4Cq3dCAPSw9A2WvUZ3v7bx9BsA=,NE9mzkNwD7XQXnSBkNCbmSMyFYc=
-15,3,Q4Cq3dCAPSw9A2WvUZ3v7bx9BsA=,NE9mzkNwD7XQXnSBkNCbmSMyFYc=
-14,4,Q4Cq3dCAPSw9A2WvUZ3v7bx9BsA=,C8UcEIvcrKMgneMveOZ9GM78I/8=
-14,3,Q4Cq3dCAPSw9A2WvUZ3v7bx9BsA=,H3yeanADiQfwnO4ZjUZt+XmgTNE=
-16,4,Q4Cq3dCAPSw9A2WvUZ3v7bx9BsA=,gJ1NS2RlbT+Xa27SUWpDbiUE9YA=
-15,4,Q4Cq3dCAPSw9A2WvUZ3v7bx9BsA=,gJ1NS2RlbT+Xa27SUWpDbiUE9YA=
-16,8,Q4Cq3dCAPSw9A2WvUZ3v7bx9BsA=,n5B+A4Rf/xEPinJhzsuoVS4gxQg=
-16,7,Q4Cq3dCAPSw9A2WvUZ3v7bx9BsA=,n5B+A4Rf/xEPinJhzsuoVS4gxQg=
-15,8,Q4Cq3dCAPSw9A2WvUZ3v7bx9BsA=,n5B+A4Rf/xEPinJhzsuoVS4gxQg=
-14,6,Q4Cq3dCAPSw9A2WvUZ3v7bx9BsA=,n5B+A4Rf/xEPinJhzsuoVS4gxQg=
-15,6,Q4Cq3dCAPSw9A2WvUZ3v7bx9BsA=,n5B+A4Rf/xEPinJhzsuoVS4gxQg=
-16,6,Q4Cq3dCAPSw9A2WvUZ3v7bx9BsA=,n5B+A4Rf/xEPinJhzsuoVS4gxQg=
-15,7,Q4Cq3dCAPSw9A2WvUZ3v7bx9BsA=,n5B+A4Rf/xEPinJhzsuoVS4gxQg=
-14,5,Q4Cq3dCAPSw9A2WvUZ3v7bx9BsA=,C8UcEIvcrKMgneMveOZ9GM78I/8=
-16,5,Q4Cq3dCAPSw9A2WvUZ3v7bx9BsA=,gJ1NS2RlbT+Xa27SUWpDbiUE9YA=
-14,7,Q4Cq3dCAPSw9A2WvUZ3v7bx9BsA=,n5B+A4Rf/xEPinJhzsuoVS4gxQg=
-14,8,Q4Cq3dCAPSw9A2WvUZ3v7bx9BsA=,n5B+A4Rf/xEPinJhzsuoVS4gxQg=
-15,5,Q4Cq3dCAPSw9A2WvUZ3v7bx9BsA=,gJ1NS2RlbT+Xa27SUWpDbiUE9YA=
